Anno,Prezzo medio Italia,Reddito annuo medio (indice),Rata mensile 20 anni,Rata mensile 25 anni,Reddito mensile medio (indice),Sostenibilita 20 anni,Sostenibilita 25 anni
2011,1315.660922,103.2109763,674.6206529,580.1609578,8.600914692,78.43591956,67.45340217
2012,1298.655917,100.1338073,665.9011361,572.6623388,8.344483941,79.80135629,68.62765185
2013,1275.692354,100.4080283,654.1262984,562.5362018,8.367335694,78.17617486,67.23002667
2014,1298.835653,101.2799701,665.9932978,572.7415962,8.439997509,78.9091818,67.86039872
2015,1275.848671,102.5011416,654.2064517,562.6051322,8.541761804,76.58917057,65.86523309
2016,1252.032176,103.8643212,641.9942631,552.1028817,8.655360098,74.17302755,63.78739596
2017,1240.375164,106.1678984,636.0169927,546.9625427,8.847324865,71.88805683,61.8223645
2018,1236.239653,107.7396511,633.8964607,545.1389254,8.978304258,70.60313869,60.71735928
2019,1231.146491,108.4923964,631.2848818,542.8930171,9.041033035,69.82441932,60.04767541
2020,1220.489874,105.9950705,625.8205757,538.1938176,8.832922538,70.85090728,60.93043557
2021,1212.5925,111.2029177,621.7711041,534.7113488,9.266909808,67.09584068,57.70114956
2022,1220.466727,118.6623927,625.8087068,538.1836106,9.888532725,63.28630589,54.42502195
2023,1233.256259,124.7386958,632.3666902,543.8233518,10.39489132,60.83437247,52.31640574
2024,1246.266646,127.7867278,639.0379196,549.5604824,10.64889399,60.00979261,51.60728271
